{
  "locale": "en-US",
  "LatestArticles": {
    "title": "Latest articles",
    "noTitleValue": "(Article has no title)",
    "noTeaserValue": "(Article has no teaser image)",
    "noSummaryValue": "No summary filled"
  },
  "About": {
    "noTitleValue": "(Fact has no title)",
    "noDescriptionValue": "No description filled",
    "noTeaserValue": "(Fact has no teaser image)"
  },
  "Articles": {
    "noTitleValue": "(Article has no title)",
    "noTeaserValue": "(Article has no teaser image)",
    "noSummaryValue": "No summary filled",
    "noBodyCopyValue": "No body copy filled"
  },
  "Home": {
    "moreArticles": "More articles",
    "aboutLinkText": "Read the whole story",
    "cafesLinkText": "Find out more"
  },
  "TasteOurCoffee": {
    "title": "Taste Our Coffee"
  },
  "Header": {
    "homeLinkTitle": "Home",
    "storeLinkTitle": "Product catalog",
    "articlesLinkTitle": "Articles",
    "aboutLinkTitle": "About us",
    "cafesLinkTitle": "Cafes",
    "contactsLinkTitle": "Contact"
  },
  "Store": {
    "coffeesLinkTitle": "Coffees",
    "brewersLinkTitle": "Brewers"
  },
  "CoffeeFilter": {
    "coffeeProcessingTitle": "Coffee processing",
    "statusTitle": "Status"
  },
  "BrewerFilter": {
    "manufacturerTitle": "Manufacturer",
    "priceTitle": "Price",
    "statusTitle": "Status"
  },
  "Brewers": {
    "noPriceValue": "No price filled",
    "noNameValue": "No name filled",
    "noTeaserValue": "(Product has no teaser image)",
    "noDescriptionValue": "No description filled"
  },
  "Cafes": {
    "ourCafesTitle": "Our cafes",
    "partnerCafesTitle": "Other places where you can drink our coffee"
  },
  "Coffees": {
    "noPriceValue": "No price filled",
    "noNameValue": "No name filled",
    "noTeaserValue": "(Product has no teaser image)",
    "noDescriptionValue": "No description filled"
  },
  "Contacts": {
    "roasteryTitle": "Roastery",
    "ourCafesTitle": "Our cafes",
    "mapTitle": "Drop in"
  },
  "Footer": {
    "followUs": "Follow us",
    "followUsOnFacebook": "Follow us on Facebook",
    "followUsOnTwitter": "Follow us on Twitter",
    "contact": "Contact",
    "cityStateZip": "Illinois 60601, USA",
    "allRightsReserved": "All rights reserved."
  }
}
